name,stra.1,stra.2
init,0.001,0.999
0,0.0010017699889977472,0.9989982300110023
1,0.0010035464723999923,0.9989964535275999
2,0.001005329485968003,0.998994670514032
3,0.0010071190657259005,0.9989928809342741
4,0.001008915247963081,0.998991084752037
5,0.0010107180692366562,0.9989892819307634
6,0.0010125275663739291,0.9989874724336261
7,0.0010143437764748905,0.998985656223525
8,0.001016166736914748,0.9989838332630852
9,0.0010179964853464802,0.9989820035146536
10,0.0010198330597034207,0.9989801669402967
11,0.0010216764982018721,0.9989783235017982
12,0.001023526839343746,0.9989764731606562
13,0.0010253841219192363,0.9989746158780809
14,0.0010272483850095185,0.9989727516149906
15,0.0010291196679894845,0.9989708803320105
16,0.0010309980105305035,0.9989690019894695
17,0.0010328834526032171,0.9989671165473967
18,0.001034776034480365,0.9989652239655196
19,0.0010366757967396414,0.9989633242032603
20,0.0010385827802665872,0.9989614172197334
21,0.0010404970262575125,0.9989595029737425
22,0.0010424185762224526,0.9989575814237776
23,0.0010443474719881592,0.9989556525280119
24,0.0010462837557011241,0.998953716244299
25,0.0010482274698306398,0.9989517725301694
26,0.0010501786571718921,0.9989498213428281
27,0.0010521373608490929,0.9989478626391508
28,0.0010541036243186437,0.9989458963756813
29,0.00105607749137234,0.9989439225086276
30,0.001058059006140612,0.9989419409938595
31,0.0010600482130957998,0.9989399517869043
32,0.0010620451570554715,0.9989379548429446
33,0.001064049883185777,0.9989359501168141
34,0.0010660624370048405,0.9989339375629951
35,0.001068082864386195,0.9989319171356138
36,0.0010701112115622548,0.9989298887884378
37,0.0010721475251278308,0.998927852474872
38,0.001074191852043686,0.9989258081479563
39,0.0010762442396401316,0.9989237557603599
40,0.0010783047356206692,0.9989216952643792
41,0.0010803733880656722,0.9989196266119342
42,0.001082450245436114,0.9989175497545638
43,0.0010845353565773384,0.9989154646434226
44,0.0010866287707228758,0.9989133712292771
45,0.0010887305374983043,0.9989112694625016
46,0.0010908407069251595,0.9989091592930749
47,0.0010929593294248848,0.998907040670575
48,0.001095086455822839,0.9989049135441772
49,0.0010972221373523408,0.9989027778626476
50,0.0010993664256587728,0.9989006335743412
51,0.001101519372803726,0.9988984806271963
52,0.0011036810312692008,0.9988963189687308
53,0.0011058514539618557,0.9988941485460381
54,0.0011080306942173085,0.9988919693057827
55,0.0011102188058044898,0.9988897811941955
56,0.0011124158429300503,0.99888758415707
57,0.00111462186024282,0.9988853781397572
58,0.0011168369128383238,0.9988831630871617
59,0.0011190610562633529,0.9988809389437368
60,0.0011212943465205908,0.9988787056534794
61,0.0011235368400732964,0.9988764631599268
62,0.001125788593850046,0.9988742114061498
63,0.0011280496652495353,0.9988719503347504
64,0.0011303201121454361,0.9988696798878545
65,0.0011325999928913186,0.9988674000071087
66,0.001134889366325631,0.9988651106336744
67,0.001137188291776746,0.9988628117082232
68,0.0011394968290680636,0.998860503170932
69,0.0011418150385231844,0.9988581849614768
70,0.0011441429809711432,0.9988558570190289
71,0.0011464807177517125,0.9988535192822483
72,0.0011488283107207685,0.9988511716892792
73,0.0011511858222557282,0.9988488141777443
74,0.001153553315261053,0.9988464466847389
75,0.001155930853173825,0.9988440691468261
76,0.0011583184999693914,0.9988416815000305
77,0.001160716320167082,0.9988392836798329
78,0.0011631243788359992,0.998836875621164
79,0.001165542741600883,0.998834457258399
80,0.001167971474648051,0.9988320285253519
81,0.0011704106447314126,0.9988295893552686
82,0.0011728603191785648,0.9988271396808214
83,0.0011753205658969624,0.9988246794341029
84,0.0011777914533801705,0.9988222085466198
85,0.0011802730507141964,0.9988197269492859
86,0.0011827654275839068,0.998817234572416
87,0.001185268654279525,0.9988147313457204
88,0.0011877828017032134,0.9988122171982967
89,0.0011903079413757456,0.9988096920586244
90,0.0011928441454432592,0.9988071558545568
91,0.0011953914866841046,0.9988046085133159
92,0.0011979500385157797,0.9988020499614843
93,0.0012005198750019562,0.9987994801249981
94,0.0012031010708595995,0.9987968989291405
95,0.001205693701466184,0.9987943062985338
96,0.001208297842867001,0.9987917021571331
97,0.0012109135717825671,0.9987890864282174
98,0.0012135409656161313,0.9987864590343838
99,0.0012161801024612778,0.9987838198975386
100,0.0012188310611096376,0.9987811689388904
101,0.001221493921058697,0.9987785060789414
102,0.001224168762519716,0.9987758312374803
103,0.0012268556664257514,0.9987731443335742
104,0.0012295547144397876,0.9987704452855602
105,0.001232265988962979,0.998767734011037
106,0.0012349895731430035,0.998765010426857
107,0.0012377255508825302,0.9987622744491175
108,0.0012404740068478008,0.9987595259931521
109,0.0012432350264773315,0.9987567649735226
110,0.0012460086959907295,0.9987539913040092
111,0.0012487951023976364,0.9987512048976023
112,0.0012515943335067881,0.9987484056664931
113,0.0012544064779352077,0.9987455935220648
114,0.0012572316251175139,0.9987427683748825
115,0.0012600698653153714,0.9987399301346845
116,0.0012629212896270625,0.9987370787103729
117,0.0012657859899971975,0.9987342140100028
118,0.0012686640592265586,0.9987313359407733
119,0.0012715555909820816,0.9987284444090179
120,0.0012744606798069755,0.9987255393201931
121,0.0012773794211309892,0.998722620578869
122,0.0012803119112808185,0.9987196880887192
123,0.0012832582474906597,0.9987167417525092
124,0.0012862185279129174,0.9987137814720871
125,0.0012891928516290572,0.998710807148371
126,0.0012921813186606197,0.9987078186813393
127,0.0012951840299803847,0.9987048159700196
128,0.0012982010875237004,0.9987017989124763
129,0.0013012325941999705,0.9986987674058
130,0.0013042786539043108,0.9986957213460956
131,0.0013073393715293676,0.9986926606284706
132,0.0013104148529773118,0.9986895851470228
133,0.0013135052051720026,0.9986864947948281
134,0.0013166105360713296,0.9986833894639287
135,0.001319730954679735,0.9986802690453204
136,0.0013228665710609132,0.9986771334289389
137,0.0013260174963507026,0.9986739825036492
138,0.0013291838427701595,0.9986708161572297
139,0.0013323657236388284,0.9986676342763612
140,0.001335563253388205,0.9986644367466118
141,0.0013387765475753979,0.9986612234524247
142,0.0013420057228969925,0.998657994277103
143,0.001345250897203121,0.998654749102797
144,0.001348512189511738,0.9986514878104882
145,0.0013517897200231136,0.9986482102799769
146,0.0013550836101345373,0.9986449163898654
147,0.0013583939824552457,0.9986416060175448
148,0.0013617209608215734,0.9986382790391783
149,0.001365064670312329,0.9986349353296876
150,0.001368425237264405,0.9986315747627357
151,0.0013718027892886243,0.9986281972107113
152,0.0013751974552858252,0.9986248025447143
153,0.0013786093654631886,0.9986213906345368
154,0.0013820386513508191,0.9986179613486493
155,0.0013854854458185736,0.9986145145541814
156,0.0013889498830931496,0.998611050116907
157,0.001392432098775437,0.9986075679012245
158,0.0013959322298581348,0.9986040677701419
159,0.0013994504147436374,0.9986005495852563
160,0.001402986793262203,0.9985970132067378
161,0.001406541506690398,0.9985934584933096
162,0.0014101146977698292,0.9985898853022301
163,0.0014137065107261702,0.998586293489274
164,0.001417317091288483,0.9985826829087114
165,0.0014209465867088416,0.9985790534132911
166,0.001424595145782264,0.9985754048542178
167,0.001428262918866957,0.9985717370811329
168,0.0014319500579048846,0.998568049942095
169,0.0014356567164426548,0.9985643432835574
170,0.0014393830496527435,0.9985606169503474
171,0.0014431292143550528,0.9985568707856449
172,0.0014468953690388153,0.9985531046309611
173,0.0014506816738848454,0.9985493183261152
174,0.0014544882907881508,0.9985455117092118
175,0.0014583153833809045,0.9985416846166191
176,0.0014621631170557883,0.9985378368829442
177,0.0014660316589897133,0.9985339683410102
178,0.001469921178167926,0.998530078821832
179,0.001473831845408503,0.9985261681545915
180,0.001477763833387246,0.9985222361666127
181,0.001481717316662986,0.9985182826833371
182,0.001485692471703298,0.9985143075282968
183,0.00148968947691064,0.9985103105230893
184,0.001493708512648922,0.998506291487351
185,0.0014977497612705135,0.9985022502387294
186,0.0015018134071437,0.9984981865928564
187,0.0015058996366805906,0.9984941003633195
188,0.001510008638365496,0.9984899913616345
189,0.0015141406027837782,0.9984858593972161
190,0.0015182957226511796,0.9984817042773488
191,0.0015224741928436495,0.9984775258071563
192,0.0015266762104276701,0.9984733237895723
193,0.0015309019746910955,0.998469098025309
194,0.001535151687174512,0.9984648483128256
195,0.0015394255517031303,0.9984605744482968
196,0.0015437237744192237,0.9984562762255806
197,0.0015480465638151152,0.9984519534361849
198,0.0015523941307667329,0.9984476058692332
199,0.0015567666885677415,0.9984432333114323
200,0.00156116445296426,0.9984388355470358
201,0.001565587642190179,0.9984344123578098
202,0.0015700364770030923,0.9984299635229968
203,0.0015745111807208489,0.9984254888192792
204,0.0015790119792587424,0.9984209880207412
205,0.0015835391011673533,0.9984164608988326
206,0.001588092777671051,0.9984119072223289
207,0.0015926732427071722,0.9984073267572928
208,0.0015972807329658909,0.9984027192670341
209,0.001601915487930795,0.9983980845120691
210,0.0016065777499201777,0.9983934222500798
211,0.001611267764129066,0.998388732235871
212,0.0016159857786719979,0.9983840142213279
213,0.0016207320446265648,0.9983792679553736
214,0.0016255068160777343,0.9983744931839222
215,0.0016303103501629722,0.998369689649837
216,0.001635142907118175,0.9983648570928819
217,0.0016400047503244363,0.9983599952496757
218,0.0016448961463556631,0.9983551038536445
219,0.0016498173650270579,0.998350182634973
220,0.0016547686794444838,0.9983452313205556
221,0.0016597503660547386,0.9983402496339453
222,0.001664762704696749,0.9983352372953033
223,0.0016698059786537094,0.9983301940213464
224,0.001674880474706185,0.9983251195252939
225,0.0016799864831861992,0.9983200135168138
226,0.001685124298032327,0.9983148757019678
227,0.0016902942168458162,0.9983097057831541
228,0.0016954965409477615,0.9983045034590522
229,0.0017007315754373467,0.9982992684245626
230,0.0017059996292511869,0.9982940003707487
231,0.0017113010152237965,0.9982886989847761
232,0.0017166360501491926,0.9982833639498508
233,0.0017220050548436769,0.9982779949451562
234,0.0017274083542098172,0.9982725916457901
235,0.001732846277301645,0.9982671537226985
236,0.0017383191573911098,0.9982616808426088
237,0.0017438273320358134,0.9982561726679642
238,0.0017493711431480483,0.998250628856852
239,0.0017549509370651784,0.9982450490629348
240,0.001760567064621386,0.9982394329353786
241,0.0017662198812208184,0.9982337801187792
242,0.0017719097469121633,0.9982280902530879
243,0.0017776370264646938,0.9982223629735352
244,0.001783402089445806,0.9982165979105543
245,0.0017892053103000871,0.9982107946896999
246,0.0017950470684299608,0.9982049529315701
247,0.0018009277482779248,0.9981990722517221
248,0.0018068477394104353,0.9981931522605896
249,0.0018128074366034722,0.9981871925633965
250,0.0018188072399298201,0.9981811927600701
251,0.001824847554848108,0.9981751524451519
252,0.0018309287922936533,0.9981690712077064
253,0.0018370513687711455,0.998162948631229
254,0.0018432157064492188,0.9981567842935509
255,0.0018494222332569572,0.9981505777667431
256,0.0018556713829823734,0.9981443286170175
257,0.0018619635953729206,0.9981380364046271
258,0.001868299316238071,0.9981317006837619
259,0.0018746789975540238,0.9981253210024459
260,0.0018811030975705873,0.9981188969024294
261,0.0018875720809202873,0.9981124279190797
262,0.0018940864187297645,0.9981059135812701
263,0.0019006465887335053,0.9980993534112665
264,0.00190725307538997,0.99809274692461
265,0.0019139063700001778,0.9980860936299998
266,0.0019206069708288093,0.9980793930291711
267,0.001927355383227884,0.998072644616772
268,0.0019341521197630835,0.998065847880237
269,0.0019409977003427828,0.9980590022996573
270,0.0019478926523498563,0.9980521073476502
271,0.001954837510776337,0.9980451624892236
272,0.0019618328183609863,0.998038167181639
273,0.001968879125729863,0.99803112087427
274,0.0019759769915399577,0.9980240230084602
275,0.0019831269826259767,0.998016873017374
276,0.0019903296741503517,0.9980096703258496
277,0.001997585649756562,0.9980024143502434
278,0.0020048955017258545,0.9979951044982741
279,0.0020122598311374464,0.9979877401688625
280,0.002019679248032303,0.9979803207519676
281,0.002027154371580586,0.9979728456284194
282,0.0020346858302528656,0.9979653141697472
283,0.002042274261995196,0.9979577257380049
284,0.0020499203144081577,0.9979500796855918
285,0.0020576246449299698,0.9979423753550699
286,0.002065387921023783,0.9979346120789762
287,0.0020732108203692615,0.9979267891796307
288,0.0020810940310585745,0.9979189059689414
289,0.0020890382517969068,0.997910961748203
290,0.0020970441921076234,0.9979029558078923
291,0.002105112572542197,0.9978948874274579
292,0.002113244124895049,0.997886755875105
293,0.0021214395924234195,0.9978785604075766
294,0.0021296997300724145,0.9978703002699275
295,0.0021380253047053725,0.9978619746952946
296,0.002146417095339692,0.9978535829046602
297,0.002154875893388278,0.9978451241066116
298,0.0021634025029067575,0.9978365974970932
299,0.002171997740846635,0.9978280022591535
300,0.002180662437314543,0.9978193375626855
301,0.0021893974358377683,0.9978106025641622
302,0.002198203593636228,0.9978017964063638
303,0.002207081781901081,0.997792918218099
304,0.0022160328860801578,0.9977839671139198
305,0.0022250578061704194,0.9977749421938296
306,0.002234157457017622,0.9977658425429825
307,0.002243332768623425,0.9977566672313765
308,0.0022525846864601407,0.9977474153135398
309,0.002261914171793343,0.9977380858282067
310,0.0022713222020125856,0.9977286777979874
311,0.0022808097709704545,0.9977191902290297
312,0.002290377889330191,0.9977096221106697
313,0.0023000275849221694,0.9976999724150779
314,0.0023097599031094555,0.9976902400968906
315,0.0023195759071627494,0.9976804240928372
316,0.0023294766786449736,0.9976705233213551
317,0.002339463317805805,0.9976605366821942
318,0.0023495369439864547,0.9976504630560137
319,0.002359698696034994,0.997640301303965
320,0.002369949732732572,0.9976300502672675
321,0.002380291233230828,0.9976197087667692
322,0.002390724397500871,0.9976092756024992
323,0.0024012504467941704,0.9975987495532059
324,0.0024118706241157265,0.9975881293758843
325,0.0024225861947099157,0.9975774138052901
326,0.0024333984465593895,0.9975666015534406
327,0.002444308690897453,0.9975556913091025
328,0.00245531826273435,0.9975446817372656
329,0.002466428521397883,0.9975335714786021
330,0.002477640851088836,0.9975223591489112
331,0.0024889566614516713,0.9975110433385483
332,0.0025003773881609984,0.997499622611839
333,0.0025119044935243084,0.9974880955064757
334,0.0025235394671015276,0.9974764605328986
335,0.00253528382634191,0.9974647161736582
336,0.0025471391172388674,0.9974528608827611
337,0.002559106915003305,0.9974408930849967
338,0.0025711888247560827,0.9974288111752438
339,0.002583386482240245,0.9974166135177597
340,0.002595701554553672,0.9974042984454464
341,0.0026081357409028327,0.9973918642590973
342,0.002620690773378375,0.9973793092266217
343,0.002633368417753262,0.9973666315822468
344,0.002646170474304246,0.9973538295256957
345,0.0026590987786574627,0.9973409012213426
346,0.002672155202659,0.9973278447973409
347,0.002685341655271268,0.9973146583447289
348,0.0026986600834960966,0.9973013399165038
349,0.0027121124733254886,0.9972878875266746
350,0.0027257008507209825,0.9972742991492791
351,0.00273942728262265,0.9972605727173773
352,0.002753293877988777,0.9972467061220113
353,0.002767302788867307,0.9972326972111326
354,0.002781456211500202,0.9972185437884998
355,0.002795756387461896,0.997204243612538
356,0.002810205604833068,0.9971897943951671
357,0.002824806199411031,0.9971751938005889
358,0.0028395605559580713,0.9971604394440419
359,0.0028544711094891178,0.9971455288905109
360,0.0028695403466002167,0.9971304596533997
361,0.002884770806839305,0.9971152291931608
362,0.002900165084120877,0.9970998349158791
363,0.0029157258281861764,0.9970842741718139
364,0.00293145574611064,0.9970685442538895
365,0.0029473576038603804,0.9970526423961397
366,0.0029634342278995773,0.9970365657721003
367,0.0029796885068507314,0.9970203114931492
368,0.0029961233932098057,0.9970038766067901
369,0.003012741905118401,0.9969872580948815
370,0.003029547128195166,0.9969704528718049
371,0.0030465422174287804,0.9969534577825712
372,0.0030637303991349176,0.996936269600865
373,0.0030811149729797404,0.9969188850270203
374,0.003098699314072567,0.9969013006859275
375,0.003116486875130484,0.9968835131248696
376,0.003134481188717799,0.9968655188112822
377,0.003152685869563374,0.9968473141304366
378,0.0031711046169590057,0.996828895383041
379,0.0031897412172421768,0.9968102587827578
380,0.0032085995463666645,0.9967914004536333
381,0.0032276835725646284,0.9967723164274354
382,0.003246997359104025,0.996753002640896
383,0.003266545067145321,0.9967334549328547
384,0.003286330958701711,0.9967136690412982
385,0.0033063593997072335,0.9966936406002928
386,0.003326634863197392,0.9966733651368026
387,0.0033471619326071182,0.9966528380673929
388,0.003367945305191157,0.9966320546948089
389,0.0033889897955721895,0.9966110102044278
390,0.0034103003394223004,0.9965896996605778
391,0.003431881997283645,0.9965681180027164
392,0.0034537399585345117,0.9965462600414654
393,0.0034758795455072473,0.9965241204544927
394,0.0034983062177648626,0.9965016937822352
395,0.0035210255765435045,0.9964789744234565
396,0.003544043369368316,0.9964559566306317
397,0.0035673654948506378,0.9964326345051493
398,0.0035909980076748913,0.9964090019923252
399,0.0036149471237839387,0.996385052876216
400,0.0036392192257722012,0.9963607807742277
401,0.003663820868496265,0.9963361791315037
402,0.003688758784913289,0.9963112412150866
403,0.0037140398921580555,0.996285960107842
404,0.003739671297870083,0.99626032870213
405,0.003765660306782903,0.9962343396932172
406,0.003792014427588209,0.9962079855724119
407,0.0038187413800883528,0.9961812586199116
408,0.0038458491026513828,0.9961541508973486
409,0.003873345759983629,0.9961266542400163
410,0.0039012397512357224,0.9960987602487643
411,0.003929539718458811,0.9960704602815413
412,0.003958254555428721,0.9960417454445712
413,0.0039873934168568655,0.9960126065831432
414,0.004016965728007756,0.9959830342719922
415,0.004046981194744205,0.9959530188052557
416,0.004077449814022527,0.9959225501859775
417,0.004108381884861372,0.9958916181151386
418,0.004139788019809315,0.9958602119801906
419,0.00417167915693776,0.9958283208430623
420,0.004204066572387451,0.9957959334276125
421,0.004236961893498551,0.9957630381065014
422,0.00427037711255614,0.9957296228874438
423,0.004304324601185014,0.9956956753988151
424,0.004338817125429758,0.9956611828745703
425,0.004373867861558405,0.9956261321384416
426,0.004409490412630427,0.9955905095873695
427,0.004445698825872452,0.9955543011741277
428,0.0044825076109079355,0.995517492389092
429,0.0045199317588900815,0.9954800682411099
430,0.004557986762590508,0.9954420132374094
431,0.00459668863749977,0.9954033113625003
432,0.004636053943999537,0.9953639460560003
433,0.0046760998106703915,0.9953239001893297
434,0.004716843958803472,0.9952831560411965
435,0.0047583047281890755,0.9952416952718108
436,0.004800501104260281,0.9951994988957398
437,0.004843452746675231,0.9951565472533247
438,0.004887180019427668,0.9951128199805723
439,0.004931704022581665,0.9950682959774183
440,0.004977046625733503,0.9950229533742664
441,0.005023230503311101,0.994976769496689
442,0.005070279171829565,0.9949297208281703
443,0.005118217029230233,0.9948817829707697
444,0.005167069396440086,0.9948329306035599
445,0.005216862561298821,0.9947831374387011
446,0.005267623825012102,0.9947323761749878
447,0.005319381551301696,0.9946806184486984
448,0.005372165218436554,0.9946278347815634
449,0.005426005474343288,0.9945739945256566
450,0.005480934195010292,0.9945190658049897
451,0.0055369845464169265,0.9944630154535831
452,0.005594191050237873,0.994405808949762
453,0.005652589653593243,0.9943474103464067
454,0.005712217803137376,0.9942877821968626
455,0.005773114523803688,0.9942268854761963
456,0.005835320502549646,0.9941646794974504
457,0.005898878177475334,0.9941011218225246
458,0.005963831832721135,0.9940361681672788
459,0.0060302276995853775,0.9939697723004146
460,0.006098114064341547,0.9939018859356584
461,0.0061675413832773,0.9938324586167228
462,0.006238562405524436,0.9937614375944757
463,0.006311232304300727,0.9936887676956992
464,0.006385608817241546,0.9936143911827583
465,0.006461752396562264,0.9935382476034377
466,0.006539726369862016,0.993460273630138
467,0.0066195971124565975,0.9933804028875434
468,0.006701434232213625,0.9932985657677865
469,0.006785310767957885,0.993214689232042
470,0.006871303402620101,0.9931286965973799
471,0.00695949269241929,0.9930405073075806
472,0.007049963313499313,0.9929500366865006
473,0.007142804327585407,0.9928571956724147
474,0.0072381094683886885,0.9927618905316115
475,0.0073359774506678655,0.9926640225493322
476,0.007436512304060242,0.9925634876959398
477,0.007539823734021491,0.9924601762659786
478,0.007646027512468882,0.9923539724875311
479,0.007755245901009512,0.9922447540989905
480,0.007867608109958072,0.9921323918900419
481,0.007983250796712799,0.9920167492032872
482,0.008102318607469504,0.9918976813925304
483,0.008224964766718692,0.9917750352332813
484,0.008351351719497873,0.9916486482805021
485,0.00848165183196928,0.9915183481680306
486,0.008616048156573358,0.9913839518434268
487,0.008754735268783021,0.9912452647312169
488,0.008897920183367799,0.9911020798166321
489,0.009045823359087641,0.9909541766409125
490,0.009198679801894215,0.9908013201981059
491,0.009356740278046774,0.9906432597219531
492,0.009520272650078753,0.9904797273499212
493,0.009689563350314163,0.9903104366496858
494,0.009864919008669577,0.9901350809913304
495,0.010046668253836141,0.9899533317461638
496,0.010235163709673997,0.9897648362903261
497,0.010430784211837352,0.9895692157881626
498,0.010633937273364907,0.9893660627266351
499,0.0108450618323171,0.989154938167683
500,0.011064631319639402,0.9889353686803607
501,0.011293157091425605,0.9887068429085745
502,0.011531192276825591,0.9884688077231745
503,0.0117793361012057,0.9882206638987941
504,0.012038238754094079,0.987961761245906
505,0.01230860688325705,0.9876913931167428
506,0.012591209810362294,0.9874087901896377
507,0.012886886580594522,0.9871131134194056
508,0.013196553978928337,0.9868034460210716
509,0.013521215670317228,0.9864787843296828
510,0.01386197265081594,0.9861380273491841
511,0.014220035232864392,0.9857799647671357
512,0.014596736832209151,0.9854032631677909
513,0.014993549878244552,0.9850064501217555
514,0.015412104236510689,0.9845878957634894
515,0.01585420861503096,0.9841457913849692
516,0.016321875529439426,0.9836781244705607
517,0.01681735053108921,0.9831826494689108
518,0.017343146564964856,0.9826568534350353
519,0.017902084530045943,0.9820979154699541
520,0.01849734137682442,0.9815026586231755
521,0.0191325074124369,0.9808674925875631
522,0.019811654916924912,0.980188345083075
523,0.020539420736582416,0.9794605792634176
524,0.021321106256242898,0.978678893743757
525,0.022162799122679676,0.9778372008773203
526,0.023071522381244106,0.9769284776187558
527,0.024055418417652918,0.9759445815823472
528,0.025123977437798768,0.9748760225622012
529,0.02628832341749633,0.9737116765825037
530,0.027561574871069056,0.9724384251289309
531,0.02895930395360977,0.9710406960463903
532,0.030500126120178883,0.9694998738798212
533,0.032206465018442654,0.9677935349815573
534,0.03410555533736989,0.9658944446626302
535,0.03623077285810066,0.9637692271418994
536,0.038623420529675864,0.9613765794703242
537,0.041335159405682095,0.958664840594318
538,0.04443136585939276,0.9555686341406072
539,0.047995841955184665,0.9520041580448152
540,0.05213753886589664,0.9478624611341032
541,0.05700033416441058,0.9429996658355894
542,0.06277753987663058,0.9372224601233694
543,0.06973390310951182,0.9302660968904882
544,0.07823974993588119,0.9217602500641189
545,0.08882526994331835,0.9111747300566817
546,0.10226892931374329,0.8977310706862567
547,0.11974464660644787,0.8802553533935522
548,0.1430703496692955,0.8569296503307045
549,0.1751256512010281,0.8248743487989718
550,0.22051475542259294,0.7794852445774071
551,0.28640167181170506,0.7135983281882949
552,0.3825690376669456,0.6174309623330545
553,0.5168459035855663,0.48315409641443363
554,0.6794443119299879,0.32055568807001217
555,0.8291790676240632,0.17082093237593676
556,0.9259046354683482,0.07409536453165173
557,0.9718020915463572,0.028197908453642725
558,0.9899041903574191,0.010095809642580935
559,0.9964705393287596,0.0035294606712404334
560,0.9987767010975327,0.0012232989024673153
561,0.9995772885058232,4.2271149417681664E-4
562,0.9998540849737022,1.4591502629782014E-4
563,0.9999496501112017,5.034988879822592E-5
564,0.9999826282867414,1.737171325853372E-5
565,0.9999940066722285,5.993327771423752E-6
566,0.9999979323028232,2.0676971767905744E-6
567,0.9999992866484538,7.133515461627892E-7
568,0.9999997538955261,2.461044738324357E-7
569,0.9999999150946328,8.490536720608517E-8
570,0.9999999707078877,2.9292112191605938E-8
571,0.9999999898943046,1.0105695345075765E-8
572,0.999999996513564,3.4864360471203247E-9
573,0.9999999987971895,1.2028104737197259E-9
574,0.9999999995850338,4.1496617514541017E-10
575,0.9999999998568379,1.4316214407794305E-10
576,0.9999999999506094,4.939053040290687E-11
577,0.9999999999829605,1.7039591778205995E-11
578,0.9999999999941215,5.878610445910788E-12
579,0.999999999997972,2.0281037963871154E-12
580,0.9999999999993002,6.996900112271031E-13
581,0.9999999999997586,2.4139105339788327E-13
582,0.9999999999999167,8.327922326390305E-14
583,0.9999999999999714,2.873109392337732E-14
584,0.99999999999999,9.912145258824338E-15
585,0.9999999999999966,3.4196617745935833E-15
586,0.9999999999999988,1.1797735351190212E-15
587,0.9999999999999996,4.0701849653907574E-16
588,0.9999999999999999,1.404202176040646E-16
589,1.0,4.8444573599568195E-17
590,1.0,1.671323938452611E-17
591,1.0,5.7660198030304155E-18
592,1.0,1.989260346484387E-18
593,1.0,6.862891320656655E-19
594,1.0,2.3676778840126605E-19
595,1.0,8.168421005836773E-20
596,1.0,2.818081892774847E-20
597,1.0,9.722301958616944E-21
598,1.0,3.3541663788007904E-21
599,1.0,1.1571778108276376E-21
600,1.0,3.992230362617241E-22
601,1.0,1.3773080609628928E-22
602,1.0,4.75167343186513E-23
603,1.0,1.639313748538443E-23
604,1.0,5.655585563026206E-24
605,1.0,1.951160849424204E-24
606,1.0,6.731449145097376E-25
607,1.0,2.322330709249526E-25
608,1.0,8.011974549419832E-26
609,1.0,2.764108312605272E-26
610,1.0,9.536094650184352E-27
611,1.0,3.289925389774727E-27
612,1.0,1.1350148532843208E-27
613,1.0,3.915768792751376E-28
614,1.0,1.350929037969567E-28
615,1.0,4.660666556737778E-29
616,1.0,1.6079166368162197E-29
617,1.0,5.547266425255757E-30
618,1.0,1.913791056587404E-30
619,1.0,6.602524428245878E-31
620,1.0,2.2778520505429387E-31
621,1.0,7.858524448566337E-32
622,1.0,2.71116846653824E-32
623,1.0,9.353453694850162E-33
624,1.0,3.226914782371093E-33
625,1.0,1.1132763738829723E-33
626,1.0,3.840771660339096E-34
627,1.0,1.3250552417107719E-34
628,1.0,4.5714026993996766E-35
629,1.0,1.5771208612478458E-35
630,1.0,5.441021880023355E-36
631,1.0,1.8771369922447863E-36
632,1.0,6.476068954235998E-37
633,1.0,2.234225273556926E-37
634,1.0,7.708013315292772E-38
635,1.0,2.659242555883516E-38
636,1.0,9.17431078769912E-39
637,1.0,3.165110991589415E-39
638,1.0,1.091954242765803E-39
639,1.0,3.7672109176034676E-40
640,1.0,1.2996769957836562E-40
641,1.0,4.483848476537647E-41
642,1.0,1.5469149046857202E-41
643,1.0,5.3368121934990626E-42
644,1.0,1.8411849483386255E-42
645,1.0,6.352035430660508E-43
646,1.0,2.1914340625462074E-43
647,1.0,7.560384860744401E-44
648,1.0,2.608311161147149E-44
649,1.0,8.998598932032323E-45
650,1.0,3.104490903760122E-45
651,1.0,1.071040485782895E-45
652,1.0,3.695059053955263E-46
653,1.0,1.2747848091135917E-46
654,1.0,4.39797114421558E-47
655,1.0,1.5172874705655035E-47
656,1.0,5.234598392858887E-48
657,1.0,1.8059214793560703E-48
658,1.0,6.230377470884491E-49
659,1.0,2.149462414254359E-49
660,1.0,7.415583874144108E-50
661,1.0,2.558355234768889E-50
662,1.0,8.826252414311488E-51
663,1.0,3.045031847900386E-51
664,1.0,1.0505272815099909E-51
665,1.0,3.624289085704415E-52
666,1.0,1.2503693724046539E-52
667,1.0,4.313738585628695E-53
668,1.0,1.4882274786813704E-53
669,1.0,5.134342251709524E-54
670,1.0,1.7713333973007237E-54
671,1.0,6.111049576697434E-55
672,1.0,2.1082946319288385E-55
673,1.0,7.273556202144407E-56
674,1.0,2.509356093998681E-56
675,1.0,8.657206779583086E-57
676,1.0,2.9867115872355235E-57
677,1.0,1.0304069583234018E-57
678,1.0,3.554874545968536E-58
679,1.0,1.2264215546580905E-58
680,1.0,4.231119299092363E-59
681,1.0,1.4597240610421907E-59
682,1.0,5.036006275792299E-60
683,1.0,1.7374077667605422E-60
684,1.0,5.99400712129762E-61
685,1.0,2.067915319450645E-61
686,1.0,7.1342487285749326E-62
687,1.0,2.4612954139096125E-62
688,1.0,8.491398807373194E-63
689,1.0,2.9295083108827834E-63
690,1.0,1.010671991530938E-63
691,1.0,3.486789474774709E-64
692,1.0,1.2029323997574664E-64
693,1.0,4.150082386260944E-65
694,1.0,1.4317665578070595E-65
695,1.0,4.939553688960866E-66
696,1.0,1.704131900070183E-66
697,1.0,5.87920633260237E-67
698,1.0,2.0283093755764023E-67
699,1.0,6.997609354577795E-68
700,1.0,2.4141552205446674E-68
701,1.0,8.328766488043996E-69
702,1.0,2.8734006256944094E-69
703,1.0,9.913150005577884E-70
704,1.0,3.420008409350852E-70
705,1.0,1.1798931231192144E-70
706,1.0,4.070597540572292E-71
707,1.0,1.4043445132986856E-71
708,1.0,4.844948419427507E-72
709,1.0,1.6714933525660155E-72
710,1.0,5.766604276877961E-73
711,1.0,1.9894619882907277E-73
712,1.0,6.8635869791234124E-74
713,1.0,2.367917884194742E-74
714,1.0,8.169248999603137E-75
715,1.0,2.8183675482569353E-75
716,1.0,9.723287461863004E-76
717,1.0,3.354506374603041E-76
718,1.0,1.1572951084073358E-76
719,1.0,3.992635035913558E-77
720,1.0,1.3774476720931252E-77
721,1.0,4.752155086272826E-78
722,1.0,1.6394799179320056E-78
723,1.0,5.656158842683068E-79
724,1.0,1.951358629266764E-79
725,1.0,6.732131479899507E-80
726,1.0,2.3225661128054058E-80
727,1.0,8.012786684957222E-81
728,1.0,2.7643884970437046E-81
729,1.0,9.537061278486223E-82
730,1.0,3.2902588737751965E-82
731,1.0,1.1351299043110226E-82
732,1.0,3.916165715504087E-83
733,1.0,1.351065975184415E-83
734,1.0,4.661138986213847E-84
735,1.0,1.608079623634746E-84
736,1.0,5.547828725119735E-85
737,1.0,1.9139850484328114E-85
738,1.0,6.603193694566135E-86
739,1.0,2.278082945509936E-86
740,1.0,7.859321029600987E-87
741,1.0,2.7114432847176993E-87
742,1.0,9.354401809712E-88
743,1.0,3.2272418792876824E-88
744,1.0,1.1133892213839966E-88
745,1.0,3.8411609809912195E-89
746,1.0,1.3251895562226524E-89
747,1.0,4.5718660806254935E-90
748,1.0,1.5772807264459047E-90
749,1.0,5.441573410385971E-91
750,1.0,1.8773272686430148E-91
751,1.0,6.476725402369715E-92
752,1.0,2.2344517462862155E-92
753,1.0,7.708794639733766E-93
754,1.0,2.659512110581783E-93
755,1.0,9.175240743701335E-94
756,1.0,3.165431823751353E-94
757,1.0,1.0920649289443839E-94
758,1.0,3.7675927817549556E-95
759,1.0,1.2998087378241362E-95
760,1.0,4.484302982810681E-96
761,1.0,1.5470717080504433E-96
762,1.0,5.33735316062421E-97
763,1.0,1.8413715804501284E-97
764,1.0,6.352679306109215E-98
765,1.0,2.1916561977351143E-98
766,1.0,7.561151220795087E-99
767,1.0,2.608575553173545E-99
768,1.0,8.999511076964186E-100
769,1.0,3.1048055911537114E-100
770,1.0,1.0711490520339641E-100
771,1.0,3.695433604417446E-101
772,1.0,1.274914027952172E-101
773,1.0,4.3984169455142E-102
774,1.0,1.5174412707389419E-102
775,1.0,5.235128999059967E-103
776,1.0,1.806104536978393E-103
777,1.0,6.231009014447724E-104
778,1.0,2.1496802949780354E-104
779,1.0,7.416335556411388E-105
780,1.0,2.5586145630019743E-105
781,1.0,8.827147089301208E-106
782,1.0,3.045340508213885E-106
783,1.0,1.0506337684356609E-106
784,1.0,3.624656462553421E-107
785,1.0,1.250496116367198E-107
786,1.0,4.31417584867575E-108
787,1.0,1.4883783331824307E-108
788,1.0,5.134862695425117E-109
789,1.0,1.7715129488946088E-109
790,1.0,6.111669024562798E-110
791,1.0,2.108508339671333E-110
792,1.0,7.274293487745919E-111
793,1.0,2.5096104554232372E-111
794,1.0,8.658084319225385E-112
795,1.0,2.9870143359031532E-112
796,1.0,1.0305114057481489E-112
797,1.0,3.555234886597669E-113
798,1.0,1.2265458711448954E-113
799,1.0,4.2315481874175215E-114
800,1.0,1.4598720262881408E-114
801,1.0,5.036516751660369E-115
802,1.0,1.7375838794755308E-115
803,1.0,5.994614705129112E-116
804,1.0,2.068124934135374E-116
805,1.0,7.134971893244178E-117
806,1.0,2.4615449036529104E-117
807,1.0,8.492259539854439E-118
808,1.0,2.929805261127902E-118
809,1.0,1.0107744385164968E-118
810,1.0,3.4871429139458367E-119
811,1.0,1.2030543352609916E-119
812,1.0,4.1505030602618624E-120
813,1.0,1.4319116891346323E-120
814,1.0,4.940054387891559E-121
815,1.0,1.7043046397697293E-121
816,1.0,5.879802279627025E-122
817,1.0,2.028514975596043E-122
818,1.0,6.998318668767269E-123
819,1.0,2.414399931912044E-123
820,1.0,8.32961073526493E-124
821,1.0,2.8736918885718537E-124
822,1.0,9.914154854177602E-125
823,1.0,3.420355079244804E-125
824,1.0,1.1800127232414676E-125
825,1.0,4.0710101575745917E-126
826,1.0,1.4044868649847705E-126
827,1.0,4.845439528674539E-127
828,1.0,1.6716627838521167E-127
829,1.0,5.76718880997082E-128
830,1.0,1.9896636505365326E-128
831,1.0,6.864282708105738E-129
832,1.0,2.368157908704494E-129
833,1.0,8.170077077299267E-130
834,1.0,2.8186532326945527E-130
835,1.0,9.724273065004815E-131
836,1.0,3.354846404869038E-131
837,1.0,1.1574124178769282E-131
838,1.0,3.9930397502296705E-132
839,1.0,1.3775872973750702E-132
840,1.0,4.752636789503526E-133
841,1.0,1.6396461041693647E-133
842,1.0,5.656732180450544E-134
843,1.0,1.95155642915732E-134
844,1.0,6.732813883866652E-135
845,1.0,2.3228015402230172E-135
846,1.0,8.013598902816904E-136
847,1.0,2.764668709883092E-136
848,1.0,9.538028004770576E-137
849,1.0,3.290592391579342E-137
850,1.0,1.1352449669998957E-137
851,1.0,3.916562678490955E-138
852,1.0,1.3512029262799324E-138
853,1.0,4.661611463577829E-139
854,1.0,1.608242626974465E-139
855,1.0,5.548391081981355E-140
856,1.0,1.9141790599422423E-140
857,1.0,6.603863028726711E-141
858,1.0,2.2783138638816492E-141
859,1.0,7.860117691381236E-142
860,1.0,2.7117181307541584E-142
861,1.0,9.355350020679694E-143
862,1.0,3.2275690093605174E-143
863,1.0,1.1135020803238308E-143
864,1.0,3.841550341106911E-144
865,1.0,1.3253238843493506E-144
866,1.0,4.572329508822043E-145
867,1.0,1.577440607848732E-145
868,1.0,5.442124996654574E-146
869,1.0,1.8775175643286488E-146
870,1.0,6.47738191704443E-147
871,1.0,2.2346782419719584E-147
872,1.0,7.709576043373866E-148
873,1.0,2.6597816926035156E-148
874,1.0,9.176170793968724E-149
875,1.0,3.165752688434506E-149
876,1.0,1.0921756263426912E-149
877,1.0,3.76797468461418E-150
878,1.0,1.2999404932186745E-150
879,1.0,4.4847575351548354E-151
880,1.0,1.5472285273095714E-151
881,1.0,5.337894182584601E-152
882,1.0,1.8415582314796336E-152
883,1.0,6.353323246824491E-153
884,1.0,2.1918783554408008E-153
885,1.0,7.56191765852802E-154
886,1.0,2.6088399720000935E-154
887,1.0,9.00042331435581E-155
888,1.0,3.1051203104456542E-155
889,1.0,1.071257629289874E-155
890,1.0,3.695808192846016E-156
891,1.0,1.275043259889047E-156
892,1.0,4.398862792001563E-157
893,1.0,1.5175950865023678E-157
894,1.0,5.2356596590460575E-158
895,1.0,1.8062876131563901E-158
896,1.0,6.231640622027505E-159
897,1.0,2.149898197787238E-159
898,1.0,7.417087314873104E-160
899,1.0,2.5588739175219223E-160
900,1.0,8.828041854979853E-161
901,1.0,3.045649199814803E-161
902,1.0,1.050740266155401E-161
903,1.0,3.62502387664166E-162
904,1.0,1.2506228731771712E-162
905,1.0,4.3146131560460684E-163
906,1.0,1.48852920297489E-163
907,1.0,5.135383191895602E-164
908,1.0,1.7716925186887807E-164
909,1.0,6.112288535218632E-165
910,1.0,2.10872206907636E-165
911,1.0,7.275030848082548E-166
912,1.0,2.509864842631196E-166
913,1.0,8.658961947819689E-167
914,1.0,2.9873171152589707E-167
915,1.0,1.0306158637602329E-167
916,1.0,3.5555952637528117E-168
917,1.0,1.2266702002330694E-168
918,1.0,4.231977119217043E-169
919,1.0,1.4600200065326216E-169
920,1.0,5.0370272792729425E-170
921,1.0,1.737760010042225E-170
922,1.0,5.995222350548479E-171
923,1.0,2.0683345700677434E-171
924,1.0,7.135695131217174E-172
925,1.0,2.4617944186857925E-172
926,1.0,8.493120359584025E-173
927,1.0,2.93010224147345E-173
928,1.0,1.0108768958866179E-173
929,1.0,3.487496388943407E-174
930,1.0,1.203176283124537E-174
931,1.0,4.1509237769044964E-175
932,1.0,1.4320568351734747E-175
933,1.0,4.940555137575712E-176
934,1.0,1.7044773969790744E-176
935,1.0,5.880398287059984E-177
936,1.0,2.028720596456376E-177
937,1.0,6.999028054856535E-178
938,1.0,2.4146446680846432E-178
939,1.0,8.330455068063174E-179
940,1.0,2.8739831809732262E-179
941,1.0,9.91515980463403E-180
942,1.0,3.4207017842790292E-180
943,1.0,1.180132335487015E-180
944,1.0,4.071422816401911E-181
945,1.0,1.4046292311003674E-181
946,1.0,4.845930687702974E-182
947,1.0,1.67183223231266E-182
948,1.0,5.767773402315013E-183
949,1.0,1.9898653332238775E-183
950,1.0,6.864978507610791E-184
951,1.0,2.368397957544385E-184
952,1.0,8.170905238933681E-185
953,1.0,2.818938946090638E-185
954,1.0,9.725258768052511E-186
955,1.0,3.3551864696022816E-186
956,1.0,1.157529739237622E-186
957,1.0,3.9934445055697427E-187
958,1.0,1.3777269368101637E-187
959,1.0,4.753118541562183E-188
960,1.0,1.63981230725223E-188
961,1.0,5.657305576334535E-189
962,1.0,1.951754249097907E-189
963,1.0,6.733496357005829E-190
964,1.0,2.323036991504782E-190
965,1.0,8.014411203007232E-191
966,1.0,2.7649489511263166E-191
967,1.0,9.538994829047358E-192
968,1.0,3.290925943190596E-192
969,1.0,1.135360041352125E-192
970,1.0,3.916959681716068E-193
971,1.0,1.351339891257529E-193
972,1.0,4.662083988834587E-194
973,1.0,1.608405646837055E-194
974,1.0,5.548953495846409E-195
975,1.0,1.9143730911176948E-195
976,1.0,6.604532430734499E-196
977,1.0,2.2785448056604562E-196
978,1.0,7.860914433915291E-197
979,1.0,2.7119930046504496E-197
980,1.0,9.35629832776301E-198
981,1.0,3.2278961725929675E-198
982,1.0,1.1136149507036375E-198
983,1.0,3.8419397406901793E-199
984,1.0,1.3254582260922504E-199
985,1.0,4.5727929839940974E-200
986,1.0,1.577600505457974E-200
987,1.0,5.4426766388348446E-201
988,1.0,1.8777078793036485E-201
989,1.0,6.478038498266905E-202
990,1.0,2.2349047606164885E-202
991,1.0,7.710357526221126E-203
992,1.0,2.6600513019514914E-203
993,1.0,9.17710093851087E-204
994,1.0,3.1660735856421806E-204
995,1.0,1.0922863349618655E-204
996,1.0,3.7683566261850733E-205
997,1.0,1.300072261968628E-205
998,1.0,4.4852121335747896E-206
999,1.0,1.5473853624647183E-206
1000,1.0,5.3384352593858014E-207
1001,1.0,1.8417449014290614E-207
1002,1.0,6.353967252812957E-208
1003,1.0,2.192100535665552E-208
1004,1.0,7.562684173951082E-209
1005,1.0,2.6091044176295144E-209
1006,1.0,9.001335644216578E-210
1007,1.0,3.105435061639187E-210
1008,1.0,1.0713662175517415E-210
1009,1.0,3.6961828192448236E-211
1010,1.0,1.2751725049255455E-211
1011,1.0,4.3993086836822536E-212
1012,1.0,1.517748917857362E-212
1013,1.0,5.236190372822612E-213
1014,1.0,1.8064707078919437E-213
1015,1.0,6.232272293630324E-214
1016,1.0,2.150116122684206E-214
1017,1.0,7.417839149536977E-215
1018,1.0,2.559133298331397E-215
1019,1.0,8.828936711356614E-216
1020,1.0,3.045957922706312E-216
1021,1.0,1.0508467746703056E-216
1022,1.0,3.6253913279729085E-217
1023,1.0,1.250749642835876E-217
1024,1.0,4.3150505077441434E-218
1025,1.0,1.4886800880602986E-218
1026,1.0,5.1359037411263234E-219
1027,1.0,1.771872106685083E-219
1028,1.0,6.112908108671295E-220
1029,1.0,2.1089358201461133E-220
1030,1.0,7.275768283161866E-221
1031,1.0,2.510119255625168E-221
1032,1.0,8.659839665375001E-222
1033,1.0,2.987619925306081E-222
1034,1.0,1.0307203323607252E-222
1035,1.0,3.555955677437661E-223
1036,1.0,1.2267945419238878E-223
1037,1.0,4.2324060944953276E-224
1038,1.0,1.4601680017771514E-224
1039,1.0,5.037537858635255E-225
1040,1.0,1.7379361584624314E-225
1041,1.0,5.9958300575619515E-226
1042,1.0,2.0685442272499032E-226
1043,1.0,7.136418442501342E-227
1044,1.0,2.4620439590108194E-227
1045,1.0,8.49398126657079E-228
1046,1.0,2.9303992519224743E-228
1047,1.0,1.0109793636423521E-228
1048,1.0,3.487849899771046E-229
1049,1.0,1.2032982433493537E-229
1050,1.0,4.151344536193163E-230
1051,1.0,1.4322019959250768E-230
1052,1.0,4.9410559380184646E-231
1053,1.0,1.7046501716999916E-231
1054,1.0,5.880994354907365E-232
1055,1.0,2.0289262381595117E-232
1056,1.0,6.999737512852875E-233
1057,1.0,2.414889429064977E-233
1058,1.0,8.331299486447393E-234
1059,1.0,2.874274502901515E-234
1060,1.0,9.916164856957476E-235
1061,1.0,3.4210485244570844E-235
1062,1.0,1.1802519598570833E-235
1063,1.0,4.071835517058479E-236
1064,1.0,1.4047716116469357E-236
1065,1.0,4.8464218965178494E-237
1066,1.0,1.6720016979493822E-237
1067,1.0,5.768358053916532E-238
1068,1.0,1.990067036354831E-238
1069,1.0,6.86567437764571E-239
1070,1.0,2.368638030716878E-239
1071,1.0,8.171733484514879E-240
1072,1.0,2.8192246884481236E-240
1073,1.0,9.726244571016209E-241
1074,1.0,3.3555265688062594E-241
1075,1.0,1.1576470724906207E-241
1076,1.0,3.9938493019379265E-242
1077,1.0,1.3778665903998385E-242
1078,1.0,4.753600342453741E-243
1079,1.0,1.639978527182306E-243
1080,1.0,5.6578790303409236E-244
1081,1.0,1.9519520890905558E-244
1082,1.0,6.7341788993240474E-245
1083,1.0,2.323272466653119E-245
1084,1.0,8.01522358553655E-246
1085,1.0,2.7652292207762577E-246
1086,1.0,9.539961751326496E-247
1087,1.0,3.291259528612382E-247
1088,1.0,1.1354751273688908E-247
1089,1.0,3.917356725183499E-248
1090,1.0,1.3514768701186102E-248
1091,1.0,4.66255656198897E-249
1092,1.0,1.6085686832241887E-249
1093,1.0,5.549515966720666E-250
1094,1.0,1.9145671419611595E-250
1095,1.0,6.605201900596367E-251
1096,1.0,2.2787757708487272E-251
1097,1.0,7.861711257211327E-252
1098,1.0,2.712267906409394E-252
1099,1.0,9.357246730971683E-253
1100,1.0,3.228223368988391E-253
1101,1.0,1.1137278325245751E-253
1102,1.0,3.8423291797450235E-254
1103,1.0,1.325592581452731E-254
1104,1.0,4.573256506146417E-255
1105,1.0,1.5777604192752738E-255
1106,1.0,5.443228336932451E-256
1107,1.0,1.877898213569969E-256
1108,1.0,6.4786951460438864E-257
1109,1.0,2.235131302222133E-257
1110,1.0,7.711139088283574E-258
1111,1.0,2.660320938628481E-258
1112,1.0,9.178031177337333E-259
1113,1.0,3.1663945153776753E-259
1114,1.0,1.0923970548030445E-259
1115,1.0,3.768738606471563E-260
1116,1.0,1.3002040440753514E-260
1117,1.0,4.485666778075218E-261
1118,1.0,1.547542213517497E-261
1119,1.0,5.338976391033377E-262
1120,1.0,1.8419315903003317E-262
1121,1.0,6.354611324081239E-263
1122,1.0,2.192322738411652E-263
1123,1.0,7.563450767072154E-264
1124,1.0,2.6093688900645265E-264
1125,1.0,9.002248066555868E-265
1126,1.0,3.1057498447375463E-265
1127,1.0,1.0714748168206825E-265
1128,1.0,3.6965574836177214E-266
1129,1.0,1.2753017630629968E-266
1130,1.0,4.3997546205608555E-267
1131,1.0,1.5179027648055068E-267
1132,1.0,5.236721140395091E-268
1133,1.0,1.8066538211869374E-268
1134,1.0,6.232904029262681E-269
1135,1.0,2.150334069671181E-269
1136,1.0,7.418591060410744E-270
1137,1.0,2.5593927054330663E-270
1138,1.0,8.829831658440694E-271
1139,1.0,3.046266676891587E-271
1140,1.0,1.0509532939814698E-271
1141,1.0,3.625758816550944E-272
1142,1.0,1.2508764253446158E-272
1143,1.0,4.3154879037744715E-273
1144,1.0,1.4888309884402079E-273
1145,1.0,5.136424343122635E-274
1146,1.0,1.772051712885363E-274
1147,1.0,6.113527744927161E-275
1148,1.0,2.109149592882792E-275
1149,1.0,7.276505792991455E-276
1150,1.0,2.5103736944077707E-276
1151,1.0,8.660717471900349E-277
1152,1.0,2.9879227660475994E-277
1153,1.0,1.0308248115507006E-277
1154,1.0,3.556316127655923E-278
1155,1.0,1.2269188962186293E-278
1156,1.0,4.232835113256787E-279
1157,1.0,1.4603160120232524E-279
1158,1.0,5.038048489752559E-280
1159,1.0,1.7381123247379617E-280
1160,1.0,5.996437826175782E-281
1161,1.0,2.068753905684011E-281
1162,1.0,7.13714182710412E-282
1163,1.0,2.4622935246305573E-282
1164,1.0,8.494842260823584E-283
1165,1.0,2.9306962924780293E-283
1166,1.0,1.0110818417847534E-283
1167,1.0,3.48820344643239E-284
1168,1.0,1.2034202159366962E-284
1169,1.0,4.1517653381321905E-285
1170,1.0,1.4323471713909312E-285
1171,1.0,4.9415567892249665E-286
1172,1.0,1.7048229639342565E-286
1173,1.0,5.881590483175297E-287
1174,1.0,2.0291319007075647E-287
1175,1.0,7.000447042763583E-288
1176,1.0,2.4151342148555626E-288
1177,1.0,8.332143990426272E-289
1178,1.0,2.874565854359716E-289
1179,1.0,9.917170011158273E-290
1180,1.0,3.4213952997825343E-290
1181,1.0,1.1803715963529022E-290
1182,1.0,4.0722482595485414E-291
1183,1.0,1.4049140066259398E-291
1184,1.0,4.846913155124215E-292
1185,1.0,1.6721711807640265E-292
1186,1.0,5.768942764781392E-293
1187,1.0,1.9902687599314673E-293
1188,1.0,6.866370318217649E-294
1189,1.0,2.368878128224441E-294
1190,1.0,8.17256181405137E-295
1191,1.0,2.8195104597699458E-295
1192,1.0,9.727230473906039E-296
1193,1.0,3.355866702484467E-296
1194,1.0,1.15776441763713E-296
1195,1.0,3.994254139338382E-297
1196,1.0,1.3780062581455297E-297
1197,1.0,4.754082192183152E-298
1198,1.0,1.6401447639613015E-298
1199,1.0,5.658452542475601E-299
1200,1.0,1.9521499491372974E-299
1201,1.0,6.734861510828311E-300
1202,1.0,2.323507965670443E-300
1203,1.0,8.016036050413193E-301
1204,1.0,2.765509518835791E-301
1205,1.0,9.540928771617914E-302
1206,1.0,3.291593147848125E-302
1207,1.0,1.1355902250513752E-302
1208,1.0,3.9177538088973255E-303
1209,1.0,1.3516138628645827E-303
1210,1.0,4.663029183045832E-304
1211,1.0,1.6087317361375405E-304
1212,1.0,5.550078494609902E-305
1213,1.0,1.914761212474629E-305
1214,1.0,6.605871438319189E-306
1215,1.0,2.2790067594488328E-306
1216,1.0,7.862508161277523E-307
1217,1.0,2.7125428360338123E-307
1218,1.0,9.358195230315445E-308
1219,1.0,3.2285505985501457E-308
1220,1.0,1.113840725787802E-308
1221,1.0,3.84271865827544E-309
1222,1.0,1.32572695043217E-309
1223,1.0,4.5737200752838E-310
1224,1.0,1.5779203493023E-310
1225,1.0,5.443780090953E-311
1226,1.0,1.8780885671295E-311
1227,1.0,6.47935186038E-312
1228,1.0,2.23535786679E-312
1229,1.0,7.71192072956E-313
1230,1.0,2.66059060263E-313
1231,1.0,9.1789615103E-314
1232,1.0,3.1667154774E-314
1233,1.0,1.092507786E-314
1234,1.0,3.76912063E-315
1235,1.0,1.30033584E-315
1236,1.0,4.48612145E-316
1237,1.0,1.54769907E-316
1238,1.0,5.3395176E-317
1239,1.0,1.8421183E-317
1240,1.0,6.355255E-318
1241,1.0,2.192545E-318
1242,1.0,7.5642E-319
1243,1.0,2.6096E-319
1244,1.0,9.003E-320
1245,1.0,3.106E-320
1246,1.0,1.0716E-320
1247,1.0,3.696E-321
1248,1.0,1.275E-321
1249,1.0,4.4E-322
1250,1.0,1.53E-322
1251,1.0,5.4E-323
1252,1.0,2.0E-323
1253,1.0,4.9E-324
1254,1.0,0.0
1255,1.0,0.0
1256,1.0,0.0
1257,1.0,0.0
1258,1.0,0.0
1259,1.0,0.0
1260,1.0,0.0
1261,1.0,0.0
1262,1.0,0.0
1263,1.0,0.0
1264,1.0,0.0
1265,1.0,0.0
1266,1.0,0.0
1267,1.0,0.0
1268,1.0,0.0
1269,1.0,0.0
1270,1.0,0.0
1271,1.0,0.0
1272,1.0,0.0
1273,1.0,0.0
1274,1.0,0.0
1275,1.0,0.0
1276,1.0,0.0
1277,1.0,0.0
1278,1.0,0.0
1279,1.0,0.0
1280,1.0,0.0
1281,1.0,0.0
1282,1.0,0.0
1283,1.0,0.0
1284,1.0,0.0
1285,1.0,0.0
1286,1.0,0.0
1287,1.0,0.0
1288,1.0,0.0
1289,1.0,0.0
1290,1.0,0.0
1291,1.0,0.0
1292,1.0,0.0
1293,1.0,0.0
1294,1.0,0.0
1295,1.0,0.0
1296,1.0,0.0
1297,1.0,0.0
1298,1.0,0.0
1299,1.0,0.0
1300,1.0,0.0
1301,1.0,0.0
1302,1.0,0.0
1303,1.0,0.0
1304,1.0,0.0
1305,1.0,0.0
1306,1.0,0.0
1307,1.0,0.0
1308,1.0,0.0
1309,1.0,0.0
1310,1.0,0.0
1311,1.0,0.0
1312,1.0,0.0
1313,1.0,0.0
1314,1.0,0.0
1315,1.0,0.0
1316,1.0,0.0
1317,1.0,0.0
1318,1.0,0.0
1319,1.0,0.0
1320,1.0,0.0
1321,1.0,0.0
1322,1.0,0.0
1323,1.0,0.0
1324,1.0,0.0
1325,1.0,0.0
1326,1.0,0.0
1327,1.0,0.0
1328,1.0,0.0
1329,1.0,0.0
1330,1.0,0.0
1331,1.0,0.0
1332,1.0,0.0
1333,1.0,0.0
1334,1.0,0.0
1335,1.0,0.0
1336,1.0,0.0
1337,1.0,0.0
1338,1.0,0.0
1339,1.0,0.0
1340,1.0,0.0
1341,1.0,0.0
1342,1.0,0.0
1343,1.0,0.0
1344,1.0,0.0
1345,1.0,0.0
1346,1.0,0.0
1347,1.0,0.0
1348,1.0,0.0
1349,1.0,0.0
1350,1.0,0.0
1351,1.0,0.0
1352,1.0,0.0
1353,1.0,0.0
1354,1.0,0.0
1355,1.0,0.0
1356,1.0,0.0
1357,1.0,0.0
1358,1.0,0.0
1359,1.0,0.0
1360,1.0,0.0
1361,1.0,0.0
1362,1.0,0.0
1363,1.0,0.0
1364,1.0,0.0
1365,1.0,0.0
1366,1.0,0.0
1367,1.0,0.0
1368,1.0,0.0
1369,1.0,0.0
1370,1.0,0.0
1371,1.0,0.0
1372,1.0,0.0
1373,1.0,0.0
1374,1.0,0.0
1375,1.0,0.0
1376,1.0,0.0
1377,1.0,0.0
1378,1.0,0.0
1379,1.0,0.0
1380,1.0,0.0
1381,1.0,0.0
1382,1.0,0.0
1383,1.0,0.0
1384,1.0,0.0
1385,1.0,0.0
1386,1.0,0.0
1387,1.0,0.0
1388,1.0,0.0
1389,1.0,0.0
1390,1.0,0.0
1391,1.0,0.0
1392,1.0,0.0
1393,1.0,0.0
1394,1.0,0.0
1395,1.0,0.0
1396,1.0,0.0
1397,1.0,0.0
1398,1.0,0.0
1399,1.0,0.0
1400,1.0,0.0
1401,1.0,0.0
1402,1.0,0.0
1403,1.0,0.0
1404,1.0,0.0
1405,1.0,0.0
1406,1.0,0.0
1407,1.0,0.0
1408,1.0,0.0
1409,1.0,0.0
1410,1.0,0.0
1411,1.0,0.0
1412,1.0,0.0
1413,1.0,0.0
1414,1.0,0.0
1415,1.0,0.0
1416,1.0,0.0
1417,1.0,0.0
1418,1.0,0.0
1419,1.0,0.0
1420,1.0,0.0
1421,1.0,0.0
1422,1.0,0.0
1423,1.0,0.0
1424,1.0,0.0
1425,1.0,0.0
1426,1.0,0.0
1427,1.0,0.0
1428,1.0,0.0
1429,1.0,0.0
1430,1.0,0.0
1431,1.0,0.0
1432,1.0,0.0
1433,1.0,0.0
1434,1.0,0.0
1435,1.0,0.0
1436,1.0,0.0
1437,1.0,0.0
1438,1.0,0.0
1439,1.0,0.0
1440,1.0,0.0
1441,1.0,0.0
1442,1.0,0.0
1443,1.0,0.0
1444,1.0,0.0
1445,1.0,0.0
1446,1.0,0.0
1447,1.0,0.0
1448,1.0,0.0
1449,1.0,0.0
1450,1.0,0.0
1451,1.0,0.0
1452,1.0,0.0
1453,1.0,0.0
1454,1.0,0.0
1455,1.0,0.0
1456,1.0,0.0
1457,1.0,0.0
1458,1.0,0.0
1459,1.0,0.0
1460,1.0,0.0
1461,1.0,0.0
1462,1.0,0.0
1463,1.0,0.0
1464,1.0,0.0
1465,1.0,0.0
1466,1.0,0.0
1467,1.0,0.0
1468,1.0,0.0
1469,1.0,0.0
1470,1.0,0.0
1471,1.0,0.0
1472,1.0,0.0
1473,1.0,0.0
1474,1.0,0.0
1475,1.0,0.0
1476,1.0,0.0
1477,1.0,0.0
1478,1.0,0.0
1479,1.0,0.0
1480,1.0,0.0
1481,1.0,0.0
1482,1.0,0.0
1483,1.0,0.0
1484,1.0,0.0
1485,1.0,0.0
1486,1.0,0.0
1487,1.0,0.0
1488,1.0,0.0
1489,1.0,0.0
1490,1.0,0.0
1491,1.0,0.0
1492,1.0,0.0
1493,1.0,0.0
1494,1.0,0.0
1495,1.0,0.0
1496,1.0,0.0
1497,1.0,0.0
1498,1.0,0.0
1499,1.0,0.0
1500,1.0,0.0
